{"cameraMode":{"drawMode":0,"name":"Shaded","section":"Shading Mode"},"sceneLighting":true,"audioPlay":false,"sceneViewState":{"m_AlwaysRefresh":false,"showFog":true,"showSkybox":true,"showFlares":true,"showImageEffects":true,"showParticleSystems":true,"showVisualEffectGraphs":true,"m_FxEnabled":true},"in2DMode":false,"pivot":{"x":9.001245498657227,"y":0.016165733337402345,"z":22.50232696533203},"rotation":{"x":-0.1877116709947586,"y":-0.15384922921657563,"z":0.029294447973370553,"w":-0.9699434638023377},"size":9.448049545288086,"orthographic":false}