{"cameraMode":{"drawMode":0,"name":"Shaded","section":"Shading Mode"},"sceneLighting":true,"audioPlay":false,"sceneViewState":{"m_AlwaysRefresh":false,"showFog":true,"showSkybox":true,"showFlares":true,"showImageEffects":true,"showParticleSystems":true,"showVisualEffectGraphs":true,"m_FxEnabled":true},"in2DMode":false,"pivot":{"x":9.001245498657227,"y":0.016165733337402345,"z":22.50232696533203},"rotation":{"x":0.09193610399961472,"y":-0.028028741478919984,"z":0.003093841951340437,"w":0.9956406950950623},"size":11.156582832336426,"orthographic":false}